{"accuracy": 0.87184, "precision": 0.8681051392703021, "recall": 0.8790021450703106}