{"accuracy": 0.87228, "precision": 0.860309911015649, "recall": 0.8909986494001748}